Key,Reference
Agren1987,"Agren|J.|1997|Agren, J. Sexual Dimorphism and Reproduction in the Dioecious Perennial Herb Rubus Chamaemorus 1987 Sveriges lantbruksuniv (dissertation)  1-28"
aguilar2001,"Aguilar|R.|2001|Aguilar, R., & Bernardello, G. 2001. The breeding system of Lycium cestroides: a Solanaceae with ovarian self-incompatibility. Sexual Plant Reproduction, 13(5), 273-277"
Ainsworth1999,"Ainsworth|C.|1999|Ainsworth C. C.,ed. 1999. Sex determination in plants. BIOS Scientific Publishers,Oxford"
Alexandrov2012,"Alexandrov|O.|2012|Alexandrov, Oleg S., et al. 2012 Sex chromosome differentiation in Humulus japonicus Siebold & Zuccarini, 1846 (Cannabaceae) revealed by fluorescence in situ hybridization of subtelomeric repeat. Comparative cytogenetics 6.3 (2012): 239."
Alfieri1992,"Alfieri|S.|1992|Alfieri, S. 1992. Plant Pathology Circular No. 356"
Alice1999,"Alice|L.A.|1999|Alice, L.A., Campbell, C.S. American Journal of Botany,86: 81-97"
AlvaradoCardenas2010,"Alvarado-Cárdenas|L.O.|2010|Alvarado-Cárdenas, L.O. 2010. Flora del valle de Tehuacán-Cuicatlán: Viscaceae Batsch. Universidad Nacional Autónoma de México, Instituto de Biología"
Amsellem2001,"Amsellem|L.|2001|Amsellem, L., Noyer, J., Hossaert-Mickey, M. American Journal of Botany, 88: 2243-2251"
Andreasen2003,"Andreasen|K.|2003|Andreasen K, Baldwin BG. 2003. American Journal of Botany 90: 436-444"
Andreasen2012,Andreasen|K.|2012|Andreasen K. 2012. International Journal of Plant Sciences 173: 532-548
Anton1995,"Anton|A.M.|1995|AM Anton, HE Connor. 1995. Australian Journal of Botany 43(6): 577 - 599"
Anton1997,"Anton|A.M.|1997|Ana M. Anton and Maria A. Negritto. 1997. Willdenowia Bd. 27, H. 1/2,Nov. 17, pp. 235-247"
Arends1992,Arends|J.C.|1992|Arends J.C. 1992. Wageningen Agric. Univ. papers 91(6):1-223
Arias2009,"Arias|S.|2009|Arias S,Terrazas T. 2009. Systematic Botany 34: 68"
Arroyo1993,"Arroyo|M.T.K.|1993|MARY T. KALIN ARROYO, F.L.S., PAULINA USLAR. 1993. Botanical Journal of the Linnean Society, 111: 83-102"
Ashman1994,Ashman|T.|1994|Ashman TL. 1994. American Journal of Botany 81: 433-438
Ashton1997,"Ashton|M.|1997|Ashton, M., et al. A Field Guide to the Common Trees and Shrubs of Sri Lanka 1997 (book)  76-77"
Asker1966,Asker|S.|1966|Asker S.E. Hereditas 56: 54-70
Assis2010,"Assis|L.C.S.|2010|Leandro C. S. Assis, Renato De Mello-Silva. 2010. Brittonia, 62(1), pp. 86-94"
Australia2008,"OGTR||2008|OGTR. 2008. The Biology of Carica papaya L. (papaya, papaw, paw paw), Version 2.  Office of the Gene Technology Regulator, Government of Australia.  20pp."
Bailey1961,"Bailey|L.|1947|Bailey, L.,1947, The standard cyclopedia of horticulture: a discussion, for the amateur, and the professional and commercial grower, 1:748"
Baker1875,"Baker|J.G.|1875|Baker, J. G. 1875. Bot J. Linn. Soc. 14:520-618"
Baker1991,Baker|J.|1991|Baker JD and Cruden RW. 1991. American Journal of Botany 78: 959-963
Balle1942,"Balle|S.|1942|Balle, S. (1942). Revisión des Piperaceae du Congo Belge. Bulletin du Jardin botanique de l'État à Bruxelles, 16: 367-405"
Barker1982,"Barker|P.A.|1982|Barker P.A., D.C.Freeman, and K.T.Harper. 1982 Forest Science 28:563-572"
Barrett1987,"Barrett|C.|1987|Barrett, C., Shore, J.,1987,Evolution, 41: 340-354"
Barrie2003,"Barrie|F.R.|2003|FRED R. BARRIE. 2003. Acta Botanica Mexicana, 62:31-64"
Bartolini2002,"Bartolini|G.|2002|Bartolini, G., Petruccelli, R.,2002,Classification, Origin, Diffusion and History of the Olive, 58"
Bawa1985a,"Bawa|K.|1985|Bawa, K., Perry, D., Beach, J.,1985,American Journal of Botany, 72: 331-345"
Bawa1985b,"Bawa|K.|1985|Bawa, K., Bullock, S., Perry, D., Coville, R., Grayum, M.,1985,American Journal of Botany, 72: 346-356"
Beentje1994,"Beentje|H.|1994|Beentje, H. Kenya Trees, Shrubs, and Lianas 1994 (book)  520"
Behera2011,"Behera|M.|2011|Behera, M., Raina, R.,2011,Journal of Forestry Research, 22: 621-626"
Bellot2013,"Bellot, S., and S. S. Renner. 2013. Pollination and mating systems of Apodanthaceae, distribution of reproductive traits in parasitic angiosperms. American Journal of Botany 100(6): 1083-1094."
Bengtsson2000,"Bengtsson|B.|2000|Bengtsson BO,Ceplitis A. 2000. Journal of Evolutionary Biology 13: 415-423"
Berg1989,"Berg|C.C.|1989|C.C. Berg. 1989. Experientia 45, Birkh/iuser Verlag, CH-4010 Basel/Switzerland"
bernardello1986,"Bernardello|L. M.|1986|Bernardello, Luis M.,1986,Boletin de la Academia Nacional de Ciencias Cordoba, 57: 173-356"
bernardello2008,"Bernardello|G.|2008|Bernardello, G., Stiefkens, L., & Las Peñas, M. L. 2008. Karyotype studies in Grabowskia and Phrodus (Solanaceae). Plant Systematics and Evolution, 275(3-4), 265-269"
Bertiller2002,"Bertiller|M.B.|2002|MONICA B. BERTILLER, CLAUDIA L. SAIN, ALEJANDRO J. BISIGATO, FERNANDO R. CORONATO, JORGE O. ARES, PAMELA GRAFF. 2002. Biodiversity and Conservation 11:6984"
bianchi2000,"Bianchi|M. B.|2000|Bianchi, M. B.; Gibbs, P. E.; Prado, D. E. & Vesprini, J. L.,2000,Flora, 195:339-348"
Billings1933,Billings|F.H.|1933|FREDERICK H. BILLINGS. 1933.
Bowers2002,"Bowers|J.|2002|Bowers, J. E., 2002, Flowering patterns and reproductive ecology of Mammillaria grahamii (Cactaceae), a common, small cactus in the Sonoran Desert. Madroño, 49: 201-206"
Brandbyge1989,"Brandbyge|J.|1989|Brandbyge J,Rechinger K H. 1989. Nordic journal of botany 9:203-204"
Brearley2007,"Brearley|F.Q.|2007|FRANCIS Q. BREARLEY, JOHN PROCTOR, SURIANTATA, LASZLO NAGY, GEMMA DALRYMPLE, BENEDICT C. VOYSEY. 2007. Journal of Ecology 95: 828-839"
Briones2004,"Briones|F.|2004|Briones, F., G. Palomino, and A. Garcia,2004, Caryologia 57: 211-218"
Bronstein1989,"bronstein|J.L.|1989|J. L. Bronstein. 1989. Experientia 45, BirkhS.user Verlag, CH-40|0 Basel/Switzerland"
Bruce1936,"Bruce|E.A.|1936|Bruce, E. A. Tropical African Plants: XIV 1936 Bulletin of Miscellaneous Information (Royal Gardens, Kew) 9 480-481"
Buide2006,"Buide|M.|2006|Buide, ML. 2006. American Journal of Botany 95: 490-497"
Buide2008,"Buide|M.|2008|Buide, ML., 2008, American Journal of Botany 95: 490-497"
Bullock1985,"Bullock|S.|1985|Bullock, S.,1985,Biotropica, 17: 287-301"
Caires2007,"Caires|C.S.|2007|Caires, C. S., & Proença, C. E. B. 2007. Two new synonyms and a species reinstated in Phoradendron Nuttall (Viscaceae). Acta Botanica Brasilica, 21(2), 379-382"
calflora,http://calflora.org/
Carter2002,"Carter|S.|2002|Carter, S.,2002, Illustrated Handbook of Succulent Plants, Dicotyledons. Berlin, Heidelberg, New York: Springer-Verlag. Pp. 99-230"
Carvalho2012,"Carvalho|F.A.|2012|Carvalho, F.A., Renner, S.S. 2012. Molecular Phylogenetics and Evolution 65:46-53"
Case2008,"Case|A.L.|2008|Case, A.L., Graham, S.W., Macfarlane, T.D., & Barrett, S.C. (2008). A phylogenetic study of evolutionary transitions in sexual systems in Australasian Wurmbea (Colchicaceae). International Journal of Plant Sciences, 169(1), 141-156."
Castillo2002,"Castillo|R. A.|2002|CASTILLO R.A., C. CORDERO,C. A. DOMINGUEZ. 2002. J. EVOL. BIOL. 15:544-552"
Cate1975,"Cate|CH.H.H.|1978| CH. H. H A N I S C H T E N CATE, J. BERGHOEF, A. M. H. VAN DER HOORN and J. BRUINSMA. 1978. Physiol. Plant. 33:280-284"
Chanderbali2001,"Chanderbali|A.S.|2001|Andre S. Chanderbali, Henk van der Werff, Susanne S. Renner. 2001. Annals of the Missouri Botanical Garden,88(1):104-134"
Charlesworth1985,"Charlesworth|D.|1985|Charlesworth, D. 1985. Distribution of dioecy and self-incompatibility in angiosperms. In: Greenwood, P. J., Harvey, P. H. and Slatkin, M. (eds) Evolution: Essays in Honour of John Maynard Smith, pp. 237–268. Cambridge University Press, Cambridge"
Chaveerach2006,"Chaveerach|A.|2006|Chaveerach, A., Mokkamul, P., Sudmoon, R., and Tanee, T.,2006,Ethnobotany Research and Applications, 4: 223-231"
Chaveerach2008,"Chaveerach|A.|2008|Chaveerach, A., Sudmoon, R., Tanee, T., Mokkamul, P.,2008,The Japanese Society for Plant Systematics, 59: 105-163"
Chazdon2003,"Chazdon|S.|2003|Robin L. Chazdon, Sonia Careaga, Campbell Webb, and Orlando Vargas. 2003. Community and phylogenetic structure of reproductive traits of woody species in wet tropical forests. Ecological Monographs 73:331–347"
Chen2008,"Chen|X.S.|2008|Xin-Sheng Chen, Qing-Jun Li. 2008. BIOTROPICA 40(2): 160-167"
Chettri2010,"Chettri|A.|2010|Chetteri, A., 2010, PhD thesis, North-eastern hill university, India"
chiang1981,"Chiang-Cabrera|F.|1981|Chiang-Cabrera, F. 1981. A Taxonomic Study of the North American Species of Lycium (Solanaceae). Ph.D. Dissertation, University of Texas, Austin."
chiang2009,"Chiang-Cabrera|F.|2009|Chiang-Cabrera, F. & Landrum, L. R.,2009,Canotia, 5:17-26"
Chien2011,"Chien|C.|2011|Ching-Te Chien, Shun-Ying Chen, Jerry M. Baskin, & Carol C. Baskin. 2011. Morphophysiological dormancy in seeds of the ANA grade angiosperm Schisandra arisanensis (Schisandraceae). Plant Species Biology 26: 99-104"
Christian2006,"Christian|D.|2006|Christian, D. A., G. Palomino, A. Garcia, and I. Mendez,2006,Caryologia 57: 177-186"
Clarke1875,"Clarke|C.|1875|Clarke, C.,1875,Botanical Journal of the Linnean Society, 15:123"
Costich1992,"Costich|D.|1992|Costich DE,Meagher TR. 1992 J. Evol. Biol. 5:589-601 "
Cota1993,"Cota|J.H.|1993|Cota, J. H. (1993). Pollination syndromes in the genus Echinocereus: a review. Cactus and Succulent J.(US), 65, 19-26."
Cota1995,"Cota|J.H.|1995|Cota, J. H. & R. S. Wallace (1995) Karyotypic studies in the genus Echinocereus (Cactaceae) and their taxonomic significance, Caryologia: International Journal of Cytology, Cytosystematics and Cytogenetics, 48:2, 105-122, DOI: 10.1080/00087114.1995.10797321"
Cowan1957,"Cowan|R.|1957|Cowan, R.,1957,Brittonia, 8:231-245"
cpc,http://www.centerforplantconservation.org/
Croat1978,Croat|T.B.|1978|Thomas B. Croat. 1987. Flora of Barro Colorado.
Csergo2011,"Csergő|A.|2011|Csergő, A. M., Molnár, E., & García, M. B. 2011. Dynamics of isolated Saponaria bellidifolia Sm. populations at northern range periphery. Population ecology, 53(2), 393-403."
Cuevas2004,"Cuevas|J.|2004|Cuevas, J., Polito, V.,2004,Annals of Botany, 93:547-553"
Czerepanov1995,"Czerepanov|S.|1995|Czerepanov S. 1995. Vascular plants of Russia and adjacent states,Cambridge University Press,Cambridge"
daFonsecaVaz2010,"da Fonseca Vaz|A.M.S.|2010|da Fonseca Vaz, A. M. S., da Costa Bortoluzzi, R. L., da Silva, L. A. E. 2010. Checklist of Bauhinia sensu stricto (Caesalpiniaceae) in Brazil. Plant Ecology and Evolution, 143(2), 212-221"
Daly2007,"Daly|D.|2007|Daly, D.,2007,Brittonia, 59:41298"
Darlington1956,"Darlington|C.|1956|Darlington, C. D. 1956, Chromosome Botany. Allen and Unwin, London"
daRosa2004,"da Rosa|S.|2004|da Rosa, S., & de Souza, L. 2004. Estructuras de reporduçao de piper amalago var medium linnaeus (piperaceae); Reproductive structures of piper amalago var medium linnaeus (piperaceae). Acta cient. venez, 55(1), 27-34."
Dawson1990,"Dawson|T.E.|1990|Todd E. Dawson, James R. Ehleringer, John D. Marshall. 1990. American Journal of Botany 77(5):584-589"
deJong1976,"deJong|P.C.|1976|P. C. de Jong,1976,Mededelingen Landbouwhogeschoological Wageningen, Nederland 76: 1-201"
delaCerdaLemus2011,de la Cerda-Lemus|M.E.|2011|Margarita Elia de la Cerda-Lemus. 2011. Acta Botanica Mexicana 94: 1-25
Delannay1979,"Delannay|X.|1979|Xavier Delannay, Louvain-la-Neuve. 1979. P1. Syst. Evol. 132: 327--332"
deLima2008,"De Lima|L.R.|2008|de Lima, L. R., & Pirani, J. R. 2008. Revisão taxonômica de Croton sect. Lamprocroton (Müll. Arg.) Pax (Euphorbiaceae ss). Biota Neotropica, 8(2), 177-231."
deLimaLeite2010,"de Lima Leite|A.V.|2010|de Lima Leite, A. V., & Machado, I. C. 2010. Reproductive biology of woody species in Caatinga, a dry forest of northeastern Brazil. Journal of Arid Environments, 74(11), 1374-1380"
Desfeux1996,"Desfeux|C.|1996|Desfeux C, Maurice S, Henry J-P, Lejeun B, Gouyon P-H. 1996. Proc. R. Soc. Lond. B 263: 409-414"
Detjen1919,Detjen|L.|1919|Detjen LR. 1919. Technical Bulletin of the North Carolina Agricultural Experiment Station 17: 1-25
Devy2006,"Devy|M.S.|2006|Devy, M.S., Davidar, P. 2006. Current Science 90 838-841"
Dickinson2007,"Dickinson|T.|2007|Dickinson, TA, Lo E, Talent N. 2007. Plant Systematics and Evolution 266: 59-78"
Dickmann2001,"Dickmann|D.|2001|Dickmann, D.,2001,Poplar Culture in North America,NRC Research Press"
DiStilio2005,"Di Stilio|V.|2005|Veronica S. Di Stilio,Elena M. Kramer and David A. Baum,2005,The Plant Journal 41: 755-766"
Doorenbos1998,"Doorenbos|J.|1998|Doorenbos, J., Sosef, M. S. M., & De Wilde, J. J. F. E. (1998). The sections of Begonia (Vol. 98, No. 2). Landbouwuniversiteit Wageningen (Wageningen Agricultural University)."
DrewSytsma2013,"Drew|B.|2013|Drew, B.T.,SYTSMA, K.J.,2013,Botanical Journal of the Linnean Society, 171:171-190"
Du2012,"Du|W.|2012|Du, W., L.J Huang, X.F. Wang 2012. J. Systematics and Evoluiton. 50:36-44"
Duan2005,"Duan|Y.|2005|Duan, Y., He, Y., Liu, J.,2005,Acta Oecologica, 27:225-232"
Dudash2001,Dudash|M.|2001|Dudash MR and Fenster CB. 2001. American Journal of Botany 88: 1953-1959
Dufay2012,Dufay|M.|2012|Dufay M. and Billard E. 2012. Annals of Botany 109: 505-519
Dulmen2001,"Dulmen|A.|2001|Dulmen, A.,2001,Plant Ecology, 153:73-85"
Dyer2004,"Dyer|L.|2004|Dyer, L., Palmer, A.,2004,Piper: A Model Genus for Studies of Phytochemistry, Ecology, and Evolution,Kluwer Academic / Plenum Publishers"
east1940,"East|E. M.|1940|East, E. M.,1940,Proceedings of the American Philosophical Society, 82:449 - 518"
Edalatiyan2010,"Edalatiyan|M.|2010|Edalatiyan MN, Ghahermaninejad F, Attar F, Joharchi MR. 2010. Rostaniha 11: 133-149"
Edgar2000,"Edgar|E.|2000|Edgar, E., Connor,H. 2000, Flora of New Zealand,V"
efloras,"eFloras||2008|eFloras. 2008. Published on the Internet http://www.efloras.org [accessed 2012] Missouri Botanical Garden, St. Louis, MO & Harvard University Herbaria, Cambridge, MA."
eflorasa,"eFlorasSouthAustralia|||Electronic flora of South Australia. Published on the Internet http://www.flora.sa.gov.au/ [accessed 2012] Government of South Australia, Department of Environment, Water and Natural Resources"
eflorasChina,"eFloraOfChina||2008|eFlora of China. 2008. Published on the Internet http://www.efloras.org/flora_page.aspx?flora_id=2 [accessed 2012] Missouri Botanical Garden, St. Louis, MO & Harvard University Herbaria, Cambridge, MA"
eflorasNorthAmerica,"eFloraOfNorthAmerica||2008|eFlora of North America. 2008. Published on the Internet http://www.efloras.org/flora_page.aspx?flora_id=1 [accessed 2012] Missouri Botanical Garden, St. Louis, MO & Harvard University Herbaria, Cambridge, MA"
eflorasPakistan,"eFloraOfPakistan||2008|eFlora of Pakistan. 2008. Published on the Internet http://www.efloras.org/flora_page.aspx?flora_id=5 [accessed 2012] Missouri Botanical Garden, St. Louis, MO & Harvard University Herbaria, Cambridge, MA"
Eggli2004,"Eggli|U.|2004|Urs Eggli, Editor. 2004. Illustrated Handbook of Succulent Plants: Dicotyledons"
Ehrendorfer1970,Ehrendorfer|F.|1970|Ehrendorfer F. 1970. Taxon 19: 185-195
Ellis1973,"Ellis|W.|1973|Ellis, W. M. 1973. The Breeding System and Variation in Populations of Poa annua L. Evolution 27:656-662"
EOL,http://www.eol.org/
Eriksen1996,Eriksen|B.|1996|Eriksen B. 1996. Folia Geobotanica and Phytotaxonomica 31: 333-344
Fawcett1914,"Fawcett|W.|1914|Fawcett, W., and Rendle, A. B. 1914. Flora of Jamaica, Vol. III Dicotyledons, Families Piperaceae to Connaraceae.  British Museum (Natural History) (http://archive.org/details/floraofjamaicaco03fawc)"
felger2000,"Felger|Richard S.|2000|Felger, Richard S.,2000,Flora of the Gran Desierto and Rio Colorado Delta,University of Arizona Press"
FererrerCervantes2012,Fererrer-Cervantes|M.|2012|
Finkeldey2005,"Finkeldey|R.|2005|Finkeldey, R., 2005, An Introduction to Tropical Forest Genetics. Institute of Forest Genetics and Forest Tree Breeding, Georg-August-University Gottingen"
Finkeldey2007,"Finkeldey|R.|2007|Finkeldey,R.,2007,Tropical Forest Genetics,Springer"
Fleming1994,"Fleming|T.|1994|Fleming TH, Maurice S, Buchmann SL, Tuttle MD. 1994. American Journal of Botany 81:858-867"
Fleming1998,Fleming|T.|1998|Fleming TH and Holland JN. 1998. Oecologia 114: 368-375
florachina,"eFloraOfChina||2008|eFlora of China. 2008. Published on the Internet http://www.efloras.org/flora_page.aspx?flora_id=2 [accessed 2012] Missouri Botanical Garden, St. Louis, MO & Harvard University Herbaria, Cambridge, MA."
floraiberica,Flora Iberica|||http://www.floraiberica.org/
floraisrael,"Danin|A.|2006|Danin, A. (ed.) 2006 {continuously updated}, Flora of Israel online. The Hebrew University of Jerusalem, Jerusalem, Israel. Published at http://flora.huji.ac.il/browse.asp?lang=en"
florajapan,"Ohwi|J.|1965|Ohwi, J. 1965. Flora of Japan (eds. F. G. Meyer and E. H. Walker) vii, 1067 pp.  Smithsonian Inst, Washington"
floraNA2007,"FloraOfNorthAmerica||2007|Flora of North America Editorial Committee. 2007. Flora of North America: North of Mexico. Magnoliophyta: Commelinidae (in part): Poaceae, part 1 (Vol. 24). Oxford University Press"
floraNicaragua,"Flora of Nicaragua, Published on the Internet http://www.tropicos.org/project/FN [accessed 2012] Tropicos, botanical information system at the Missouri Botanical Garden"
florapakistan,"Flora of Pakistan, Published on the Internet http://www.tropicos.org/Project/Pakistan [accessed 2012] Tropicos, botanical information system at the Missouri Botanical Garden"
FloraGREIF,"University of Greifswald, Institute of Botany and Landscape Ecology, Institute of Geography and Geology, Computer Centre, 2010- (continuously updated). FloraGREIF - Virtual Flora of Mongolia (http://greif.uni-greifswald.de/floragreif/). Computer Centre of University of Greifswald, D-17487 Greifswald, Germany."
Forrest2008,"Forrest|S.|2008|Insight into the origins of the Rumex acetosa sex chromosomes and mechanisms causing dimorphism (PhDThesis,Clemson University)"
Fosberg1908,"Fosberg|R.|1908|Fosberg, R., Sachet, M.,1908,Smithsonian Contributions to Botany, 24: 1-28"
Franzen1986,"Franzen|R.|1986|Roy Franzen. 1986. Willdenowia Bd. 15, H. 2, pp. 351-357"
Fraser2009,"Fraser|L.|2009|Lena G Fraser,Gianna K Tsang,Paul M Datson, H Nihal De Silva,Catherine F Harvey, Geoffrey P Gill,Ross N Crowhurst and Mark A McNeilage,BMC Genomics 2009, 10:102"
FRAXIGEN2005,"FRAXIGEN||2005|FRAXIGEN,2005, Ash species in Europe: biological characteristics and practical guidelines for sustainable use. Oxford Forestry Institute, University of Oxford, Oxford"
Friis1989,"Friis|I.|1989|Friis,I.,1989,Kew Bulletin, 44: 557-600"
Fyson1915,"Fyson|P.F.|1915|Fyson, P.F. The Flora of the Nilgiri and Pulney Hill-tops 1915 (book)  198"
Gajurel2001,"Gajurel|P.|2001|Gajurel, F., Rethy, P., Kumar, Y.,2001,Botanical Journal of the Linnean Society, 137: 417-419"
Gardner2006,"Gardner|R.|2006|Gardner, R.,2006,Blumea, 51: 569-586"
Ghazanfar1989,Ghazanfar|S.|1989|Ghazanfar SA. 1989. Plant Systematics and Evolution 168: 143-148
Gilbert1999,"Gilbert|M.|1999|Gilbert, M., Nian-he, X,1999Novon, 9: 190-198"
Gillespie1994,"Gillespie|L|1994|Gillespie LH, Henwood MJ,1994,Ann Bot 74(3):227231"
Girmansyah2008,"Girmansyah|D.|2008|Girmansyah D. 2008. REINWARDTIA Vol. 12, Part 5, pp. 419-434"
Gisler2003,"Gisler|S.|2003|Gisler SD. 2003. Masters thesis, Oregon State University, Corvallis"
Giussani2000,"Giussani|L.M.|2000|Liliana Monica Giussani. 2000. Annals of the Missouri Botanical Garden,87(2): 203-233"
Gleiser2000,"Gleiser|G.|2008|G. Gleiser, J.G. Segarra-Moragues, J.R. Pannell,M. Verd,2008 Ann Bot,101:1017-1026"
Godin2012,"Godin|V.N.|2012|Godin, V. N. 2012. Analysis of sexual polymorphism of the plant from subclass Rosidae in Siberia. Contemporary Problems of Ecology, 5(3), 337-342"
Godin2013,"Godin|V.N.|2013|Godin, V. N., and Demyanova, E. I. 2013. On the distribution of gynodioecy in flowering plants. Ботанический журнал (Botanical Magazine) 98(12):1465-1487"
Goldberg2010,"Goldberg|M.|2010|Goldberg MT, Spigler RB, Ashman T-L. 2010. Genetics 186: 1425-1433"
Goldblatt1979,"Goldblatt|P.|1979|Goldblatt P, Johnson DE, eds. 1979--. Index to plant chromosome numbers. Missouri Botanical Garden, St. Louis [www.tropicos.org/Project/IPCN accessed 28 December 2011]"
Gonzalez2009,"Gonzalez|F.|2009|González, F., & Bello, M. A. 2009. Intra‐individual variation of flowers in Gunnera subgenus Panke (Gunneraceae) and proposed apomorphies for Gunnerales. Botanical journal of the Linnean Society, 160(3), 262-283."
Gould1979,Gould|F.|1979|Gould FW. 1979. Annals of the Missouri Botanical Garden 66: 348-416
Govindarajulu2013,"Govindarajulu|R.|2013|Govindarajulu, R., Liston, A., & Ashman, T. L. 2013. Sex-determining chromosomes and sexual dimorphism: insights from genetic mapping of sex expression in a natural hybrid Fragaria× ananassa subsp. cuneifolia. Heredity, 110(5), 430-438."
Graff1999,Graff|A.|1999|Graff A. 1999. Evolution. 53: 1714-1722
Grassi2003,"Grassi|F.|2003|Grassi F, Labra M, Imazio S, Spada A, Sgorbati S, Scienza A, Sala F. 2003. Theoretical Applied Genetics 107: 1315-1320"
Gray1886,"Gray|A.|1886|Gray, A. 1886. Synoptical Flora of North America: The Gamopetalae, Smithsonian Institute, Washington."
Greaves1990,"Greaves|A.|1990|Greaves, A., & McCarter, P. S. 1990. Cordia alliodora: a promising tree for tropical agroforestry, Tropical Forestry Papers No. 22, Oxford Forestry Institute"
Green1963,"Green|P.|1963|Journal of the Arnold Arborteum, 44: 377-389"
Green2002,"Green|P.|2002|Green, P.,2002,Kew Bulletin, 57: 91-140"
Gregory1941,"Gregory|W.|1941| Gregory W.C., 1941 Transactions of the American Microscopical Society, 31: 443-521"
Greuter1995,"Greuter|W.|1995|Greuter, W. 1995. Taxon 44: 543-581"
Grewal1972,"Grewal|M.|1972|Grewal MS, Ellis JR. 1972 Sex determination in Potentilla fruticosa. Heredity 29. (3): 359-362"
Griffiths2006,"Griffiths|M.|2006|Griffiths, M., Lawes, M.,2006,Ecography, 29: 614-622"
Gross2005,"Gross|C.|2005|Gross,C.,American Journal of Botany, 92: 907-919"
Gucker2010,"Gucker|C.|2010|Gucker, Corey L. 2010. Euphorbia cyparissias. In: Fire Effects Information System, [Online]. U.S. Department of Agriculture, Forest Service, Rocky Mountain Research Station, Fire Sciences Laboratory (Producer). Available: http://www.fs.fed.us/database/feis/ [ 2014, January 2]"
Guenthart1926,"Günthart|A.|1926|Günthart, A. 1926: Die Blütenbiologie der Alpenflora. In: Schröter, C. (Hrsg.): Das Pflanzenleben der Alpen. Albert Raustein, Zürich, S. 1028–1109"
Guitian2000,"Guitian|P.|2000|Guitian, P., Medrano M. 2000. Nordic Journal of Botany 20:467-474"
Gustafsson2002,"Gustafsson|C.|2002|Claes Gustafsson and Claes Persson. 2002. Taxon Vol. 51, No. 4, pp. 661-674"
Halse1989,"Halse|R.|1989|Halse, R. R., Rottink, B. A., & Mishaga, R. (1989). Studies in Sidalcea Taxonomy. Northwest Science. 1989. Vol. 63(4) 154—161"
Hancke1999,"Hancke|J.L.|1999|J.L. Hancke, R.A. Burgos, F. Ahumada,1999,Fitoterapia 70: 451-471"
Harrington2008,"Harrington|M.|2008|Harrington, M.,2008,PhD thesis, James Cook University"
Harrington2010,"Harrington|M.|2010|Harrington, M., and Gadek, P. 2010 Phylogenetics of hopbushes and pepperflowers (Dodonaea, Diplopeltis – Sapindaceae), based on nuclear ribosomal ITS and partial ETS sequences incorporating secondary structure models. Australian Systematic Botany, 23, 431–442"
Harris2002,"Harris|D.J.|2002|Harris, D. J. 2002. The vascular plants of the Dzanga-Sangha Reserve, Central African Republic. National Botanic Garden of Belgium, pp. 274"
Harrison2012,"Harrison|R.D.|2012|Harrison, R.D. 2012. 7(6): e38432"
Haskell1966,"Haskell|G.|1966|Haskell, G., Paterson, E.B. 1966. Chromosome number of a sub-Antarctic Rubus. Nature, 211: 759"
Haun1972,"Haunold|A.|1972|Haunold, A., 1972. Heredity, 63:283-286"
Hayata1916,"Hayata|B.|1916|Hayata, B. 1916. Icones of the plants of Formosa, 6: 45"
Heenan2002,"Heenan|P.B.|2002|P.B. Heenan, M.I. Dawson, R.A. Bicknell, 2002, New Zealand Journal of Botany, 40: 347-355"
Hemsley1906,"Hemsley|E.H.|1906|Hemsley & E. H. Wilson, 1906. Flora of China. Bull. Misc. Inform. Kew. 150."
Hidalgo2010,"Hidalgo|O.|2010|Oriane Hidalgo, Joel Mathez, Sonia Garcia, Teresa Garnatje, Jaume Pellicer, Joan Valles, 2010, Journal of Botany Volume 2010, Article ID 797246, 19 pages"
Himmelreich2012,"Himmelreich|S.|2012|Himmelreich S, Breitwieser I, Oberprieler C. 2012. Molecular Phylogenetics and Evolution 65: 464-481"
Hoffman1992,"Hoffman|M.T.|1992|Hoffman, M. T. 1992. Functional dioecy inEchinocereus coccineus (Cactaceae): breeding system, sex ratios, and geographic range of floral dimorphism. Amer. J. Bot.79:1382–1388."
Hogg1851,"Hogg|R.|1851|Robert Hogg. 1851. The Florist and pomologist, page 121"
Holm1997,"Holm|S.|1997|Holm S, Ghatnekar L, Bengtsson B.O. 1997. Journal of Evolutionary Biology 10:343-352"
Holstein2010,"Holstein|N.|2010|Holstein, N., Renner S., 2010 Kew Bulletin 65:435-441"
Holstein2011a,"Holstein|N.|2011|Holstein N,Renner S., 2011, BioMed Central Evolutionary Biology 11"
Holstein2011b,"Holstein|N.|2011|Holstein N,Renner S., 2011, PhytoKeys 7:27-36"
Honnay1997,"Honnay|O.|2007|Honnay, O., Bossuyt, B., Jacquemyn, H., Shimono, A., Uchiyama, K.,2007,Oikos, 117: 1-5"
Hove2007,"Hove|A.|2007|Hove, A. A. 2007. Pollination biology of Silene lemmonii (Caryophyllaceae), a Montane Perennial Herb. Madroño, 54(4), 293-305"
Huang2011,"Huang|Y.|2011|Yun-Feng Huang, Ri-Hong Jiang, Dong-Xin Nong and Wei-Bin Xu,2011,Nordic Journal of Botany 29: 605-607"
Hummer2011,"Hummer|K.|2011|Hummer K, Bassil N, Njuguna W. 2011. In: Wild Crop Relatives: Genomics and Breeding Resources, Temperature Fruits. Berlin Germany: Springer. 6: 17-44  "
Hvoslef-Eide2006,"Hvoslef-Eide|A.|2006|Hvoslef-Eideand A., Munster C. 2006. Flower Breeding and Genetics Part II, Part 1, 241-275"
IllinoisWildflowers,http://www.illinoiswildflowers.info/
Jaimes1999,"Jaimes|I.|1999|Jaimes, I., & Ramírez, N. 1999. Breeding systems in a secondary deciduous forest in Venezuela: The importance of life form, habitat, and pollination specificity. Pl. Syst. Evol. 215:23-36"
Jain2011,"Jain|S.M.|2011|Jain, S. M., Alkharyi J. M., Johnson, D. V.,2011,Date Palm Biotechnology, 315-316"
Jansson2010,"Jansson|S.|2010|Jansson, S., Bhalerao, R., Groover, A.,2010,Genetics and Genomics of Populus,Springer,13-20"
Jenkins2011,"Jenkins|C.|2011|Jenkins, C., & Keller, S. R. (2011). A phylogenetic comparative study of preadaptation for invasiveness in the genus Silene (Caryophyllaceae). Biological Invasions, 13(6), 1471-1486."
Jensen1943,"Jensen|H.|1943|Henry Wilhelm Jensen,1943,Bragantia, 3:199-222"
jepson1993,"Hickman|J.|1993|Hickman, James C.,1993,The Jepson Manual: Higher Plants of California,University of California Press"
JepsonHerb,"Jepson||2012|Jepson Flora Project (eds.) 2012. Jepson eFlora, http://ucjeps.berkeley.edu/IJM.html"
Johnson1998,"Johnson|D.V.|1998|Johnson, D. V. (1998). Non-Wood Forest Products 10: Tropical Palms. pp. 3-10"
Jones1945,"Jones|E.W.|1945|Jones EW, 1945, Journal of Ecology 32:215-252"
Juergens2002,"Jürgens|A.|2002|Jürgens, A., Witt, T., & Gottsberger, G. 2002. Pollen grain numbers, ovule numbers and pollen-ovule ratios in Caryophylloideae: correlation with breeding system, pollination, life form, style number, and sexual system. Sexual Plant Reproduction, 14(5):279-289"
Juergens2004,"Jürgens|A.|2004|Jürgens, A. 2004. Biochemical Systematics and Ecology 32: 841-859"
Jump2003,"Jump|A.S.|2003|Alistair S. Jump, F. Ian Woodward, Terry Burke. 2003. New Phytologist 160:359-370"
Jung2001,"Jung|J.S.|2001|Jung, J.S., H.S. Han, K.Y. Lee, C.H. Bae, H.Y. Lee 2001. Breeding Science 51:219-223"
Kanno2011,"Kanno|A.|2011|Kanno, A., Yokoyama, J. 2011. Asparagus, in ed. Kole C. Wild crop relatives, Springer, Berlin"
Kaplan1971,"Kaplan|S.|1971|Kaplan, S. M. & Mulcahy,D. L. 1971. Evolution 25(4):659-668"
Kaul1988,"Kaul|M.|1988|Kaul, M. L. 1988. Gynodioecy. In Male sterility in higher plants (pp. 268-277). Springer Berlin Heidelberg."
Kavanagh2011,"Kavanagh|P.H.|2011|P.H. Kavanagh, C.A. Lehnebach, M.J. Shea, K.C. Burns. 2011. The American Naturalist,178(5):596-601"
Kawakubo1994,Kawakubo|N.|1994|Kawakubo Nobumitsu. 1994. Annals of Botany 74:357-364
Kawakubo1995,"Kawakubo|N.|1995|Kawakubo Nobumitsu. 1995. Male sterility and gynodioecy in Japanese Cirsium. Acta Phytotax. Geobot. 46(2): 153-164"
Kephart1999,"Kephart|S.|1999|Kephart SR, Brown E, Hall J. 1999. Heredity 82: 543-554"
Kephart2006,"Kephart|S.|2006|Kephart S, Reynolds RJ, Rutter MT, Fenster CB, Dudash MR. 2006. New Phytologist 169: 667-680"
kew,http://www.kew.org/
Khokhlov1978,"Khockhlov|S.|1978|Khokhlov SS, Zaitseva MI, Kupriyanov PG. 1978. Identification of apomictic forms in the flora of flowering plants in the USSR: Izd-vo un-ta"
Kihara1930,Kihara|H.|1930|Kihara H. 1930. Cytologia 1: 345-357
Kinney2003,"Kinney|M.|2003|Kinney MS, Columbus JT, Friar EA. 2003. Molecular Phylogenetics and Evolution 29: 519-528"
Kinney2007,"Kinney|M.|2007|Kinney MS, Columbus JT, Friar EA. 2007. Aliso 23: 605-614"
Kirkup2000,"Kirkup|D.W.|2000|Kirkup, D.W., Polhill, R.M., and Wiens, D., 2000. Viscum in the context of its family, Viscaceae, and its diversity in Africa. In Bussing A (ed) Mistletoe: The Genus Viscum. Harwood Academic Publishers, pp.7-29"
Knuth2011,Knuth|P.|2011|Knuth P. and Muller H. 2011. Handbook of Flower Pollination: Introduction and Literature. Nabu Press
Kochankovaa2008,"Kochankovaa|J.|2008|Jana Kochankovaa, Bohumil Mandak. 2008. Perspectives in Plant Ecology, Evolution and Systematics 10 217-229"
Kole2011,"Kole|C.|2011|Kole C. 2011. Wild crop relatives, Springer, Berlin"
Kollman2000,"Kollman|J.|2000|Kollman, J., Steinger, T., Roy, B.A American Journal of Botany, 87: 1592-1598"
Kruckeberg1961,"Kruckeberg|A.|1961|Kruckeberg, AR. 1961. Brittonia 13: 305-333"
Kubitzki1984,"Kubitzki|K.|1984|Klaus Kubitzki, Holger Kurz. 1984. PI. Syst. Evol. 147, 253-266"
Kubota2011,"Kubota|S.|2011|Kubota S, Konno I, Kanno A. 2011. Theoretical and applied genetics 124:345-354"
Kuijt1987,"Kuijt|J.|1987|Job Kuijt. 1987. Annals of the Missouri Botanical Garden,74(3),511-532"
Kuijt1996,"Kuijt|J.|1996|Job Kuijt and Elizabeth A. Kellogg. 1996. Novon, 6(1): 33-53"
Kuijt2003,"Kuijt|J.|2003|Job Kuijt. 2003. Syst. Bot. Monog Vol. 66, pp. 1-643"
Ladyman2006,Ladyman|J.|2006|Ladyman JAR. 2006. USDA Forest Service Rocky Mountain Region. Report
Lahiani2013,"Lahiani|E.|2013|Lahiani, E., Dufay, M.,Castric, V. Le Cadre, S. Charlesworth, D. Van Rossum, F., Touzet, P.,2013,Heredity 111: 157-164"
Lebot1992,"Lebot|V.|1992|Lebot, V., Merlin, M., Lindstrom, L.,1992,Kava: The Pacific Elixir: The Definitive Guide to Its Ethnobotany, History, and Chemistry,Healing Arts Press"
Lei1998,"Lei|L.|1998|Lei, L., Liang, H.,1998,Journal of the Linnean Society, 127: 225-237"
Lemen1980,Lemen|C.|1980|Lemen C. 1980. Oecologia. 45: 156-159
Leon2006,"León|B.|2006|León, B., Granda, A., Roque, G. J., & Vilcapoma, G. 2006. A review of Peruvian Phoradendron (Viscaceae) species names published by Paczoski and typified by material collected by Augusto Weberbauer. Taxon, 55(2), 513-514."
LeondelaLuz2010,"León de la Luz|J.L.|2010|León de la Luz, J. L., & Pérez-Navarro, J. J. 2010. Dos nuevos taxa de Bursera (Burseraceae) de Baja California Sur, México. Acta botánica mexicana, (91), 37-49"
Lepart1992,"Lepart|J.|1992|Lepart, J., Bertrand, D.,1992,Botanical Journal of the Linnean Society, 108: 375-387"
levin2005,"Levin|R.|2005|Levin, Rachel A. & Miller, Jill S.,2005,American Journal Of Botany, 92:2044-2053"
levin2007,"Levin|R.|2007|Levin, Rachel A.; Shak, Joshua R.; Bernardello, Gabriel; Venter, Andor M. & Miller, Jill S.,2007,Acta Horticulturae,745:225-239"
Lewis1941,"Lewis|D.|1941|Lewis D. 1941. John Innes Horticultural Institution, Merton. London"
Liogier1997,"Liogier|A.H.|1997|Liogier, A.H. Descriptive Flora of Puerto Rico and Adjacent Islands: (book) 5 118"
Liu2009,"Liu|L.J.|2009|Li-jun Liu, Zu-Qing Meng, Bo Wang, Xu-xia Wang, Jin-Yu Yang, Ding-xiang Peng. 2009. Plant Prod. Sci. 12(1): 88-96"
Lloret1991,"Lloret|F.|1991|Lloret, F. and Zedler, P. H. 1991. Recruitment pattern of Rhus integrifolia populations in periods between fire in chaparral. Journal of Vegetation Science, 2: 217–230. doi: 10.2307/3235954"
LoreaHernandez2002,"Lorea-Hernandez|F.G.|2002|FRANCISCO G. LOREA-HERNANDEZ, HENK VAN DER WERFF. 2002. Brittonia, 54(3), 2002, pp. 145-153"
Lorence1987,"Lorence|D.H.|1987|Lorence D.H., Dwyer, J.D. 1987. Bol. Soc. Bot. Mexico 47: 3748"
Lubbers1986,"Lubbers|A.|1986|Anne E. Lubbers and Norman L. Christensen,1986,American Journal of Botany, 73(2):190-203"
lycieaeweb,"Miller|J.|2012|Miller, Jill S., Levin, Rachel A.,2012,Project Lycieae (website)"
Madrigal1997,"Madirgal|Q.J.|1997|Madrigal, Q. J., & Pennington, T. D. 1997. A New Species of Pouteria Aublet (Sapotaceae) from Costa Rica and Colombia. Novon, 169-171"
Maki1992,"Maki.|M.|1992|Maki, M.,1992,Heredity, 68: 329-336"
Maki1994,"Maki|M.|1994|Maki, M.,1994,J Plant Res, 107: 283-287"
Maki1996,"Maki|M.|1996|Maki, M.,1996,Can J Bot, 74: 150-153"
Malcomber1993,"Malcomber|S.|1993|Malcomber S T, Demissew S. 1993. Kew Bulletin 48:63"
Malcomber2002,"Malcomber|S.T.|2002|Malcomber, S. T. 2002 Evolution 56(1): 42-57"
Malcomber2009,Malcomber|S.T.|2009|Malcomber S.T. and C.M. Taylor. 2009.  Ann. Missouri Bot. 96:575-671
Mandak2001,"Mandak|B.|2001|Mandák, B., & Pyšek, P. 2001. Fruit dispersal and seed banks in Atriplex sagittata: the role of heterocarpy. Journal of Ecology, 89(2), 159-165"
Marais2011,"Marais|G.|2011|Marais, G. A., Forrest, A., Kamau, E., Käfer, J., Daubin, V., & Charlesworth, D. 2011. Multiple nuclear gene phylogenetic analysis of the evolution of dioecy and sex chromosomes in the genus Silene. PloS one, 6(8), e21915."
Marshall2001,Marshall|M.|2001|Marshall M and Ganders FR. 2001. American Journal of Botany 88: 1437-1443
Martin2008,"Martin|E.|2008|Martin, E., Bağcı, Y., Ertuğrul, K., & Dural, H. 2008. A KARYOLOGICAL STUDY ON THREE TAXA OF SILENE L.(CARYOPHYLLACEAE) BY USE OF AN IMAGE ANALYSIS SYSTEM. Phytologia 90(1): 3-13"
Matallana2005,"Matallana|G.|2005|Gloria Matallana,Tania Wendt, Dorothy S. D. Araujo and Fa´ bio r. Scarano,2005,American Journal of Botany 92(9): 1513-1519"
Matolweni,"Matolweni|L.O.|2000|LUZUKO ORLYN MATOLWENI, KEVIN BALKWILL, AND TRACY MCLELLAN. 2000. American Journal of Botany 87(3): 431-439"
Matsunaga2001,"Matsunaga|S.|2001|Mutsunaga S., Kawano S. 2001. Plant Biol. 3:481-488"
Mayol2006,Mayol|M.|2006|Mayol M and Rossello JA. 2006. Folia Geobotanica 41: 203-212
McCauley1998,McCauley|D.|1998|McCauley DE and Brock MT. 1998. Evolution 52: 30-36
McDade1994,"McDade|L.|1994|McDade, L. A., Bawa, K. S., Hespenheide, H. A., Hartshorn, G. S. (1994) La Selva: ecology and natural history of a neotropical rain forest. University of Chicago Press. Chicago"
mcmullen1987,"McMullen|C.|1987|McMullen, Conley K.,1987,American Journal of Botany,74:1694 - 1705"
Meagher2008,"Meagher|T.|2008|Meagher TR and Costich DE. 2008. Genet. Res., Camb 90: 111-118"
Melampy1980,"Melampy|M.|1980|Melampy,M., Hayworth, A.,1980,Evolution, 34(#6):1144-1154"
Melendo2003,"Melendo|M.|2003|Melendo, M., Gimenez, E., Cano, E., Gomez-Mercado, F., Valle, F.,2003,Flora, 198: 260-276"
Mendoza2007,"Mendoza|M.|2007|Mendoza, M. E. M., 2007,  Evolution of Dioecy from Distyly in the Genus Cordia (Boraginaceae): Inferences from Floral Morphometrics, Self-incompatibility and Sex Expression, ProQuest"
Merritt1940,Merritt|J.M.|1940|Merritt J.M. 1940. Genetics. 25:409-431
Messinger1999,"Messinger|W.|1999|Wes Messinger, Kim Hummer, Aaron Liston. Plant Syst. Evol. 217:185-195"
Meyer1951,"Meyer|F.G.|1951|Frederick G. Meyer. 1951. Annals of the Missouri Botanical Garden,38(4):377-503"
Meyer1957,"Meyer|F.G.|1957|Frederick G. Meyer. 1957. JOURN. LINN. S0C.-BOTANY, VOL. LV 761-771"
Meyer1979,"Meyer|F.G.|1979|Frederick G. Meyer. 1979. Brittonia,31(1):101-103"
Michael2006,"Michael|K.|2006|Michael, K. Classification of basal relationships in Rubus (Rosaceae) and the origin of Rubus chamaemorus 2006 Western Kentucky University (dissertation)  1-6"
miller2000,"Miller|J.|2000|Miller, Jill S. & Venable, D. L.,2000,Science,289:2335 - 2338"
miller2002,"Miller|J.|2002|Miller, Jill S. & Venable, D. L.,2002,American Journal of Botany, 89:1907-1915"
miller2008,"Miller|J.|2008|Miller, Jill S. & Venable, D. L.,2008,Evolution,62:1052 - 1065"
Ming2011,"Ming|R.|2011|Ming R, Bendahmane A, Renner SS. 2011. Annual Review of Plant Biology 62: 485-514"
Ming2013,"Ming|R.|2013|Andrea R. Gschwend, 2013,Ching Man Wai, Francis Zee, Aru K. Arumuganathan, Ray Ming,Euphytica 189:461-469"
mndnr,http://www.dnr.state.mn.us/index.html
Moccia2009,"Moccia|M.|2009|Moccia MD, Oger-Desfeux C, Marais GAB, Widmer A. 2009. BMC Genomics 10:243"
Molina-Freaner2004,"Molina-Freaner|F.|2004|Molina-Freaner F, Rojas-Martinez A, Fleming TH, Valiente-Banuet A. 2004. Journal of Arid Environments 56: 117-127"
Molloy1999,"Molloy|B.P.J.|1999|B.P.J. Molloy, E. Edgar, P.B. Heenan, P.J. de Lange. 1999. New Zealand Journal of Botany, Vol. 37:41-50"
Moncur1997,"Moncur|M.W.|1997|Monocur, M.W.,1997,Australian Journal of Botany, 45"
Monro1999,"Monro|A.|1999|Monro, A.,1999,Novon, 9: 390-400"
Mosyakin1996,Mosyakin|S.|1996|Mosyakin SL and Robertson KR. 1996. Ann. Bot. Fennici 33:275-281
Motley1998,"Motley|T.|1998|Motley, T., Carr, G.,1998,American Journal of Botany, 5:654-660"
Moyle2006,"Moyle|L.|2006|Moyle LC. 2006. Correlates of genetic differentiation and isolation by distance in 17 congeneric Silene species. Molecular Ecology 15: 1067-1081"
Muentzing1928,Muentzing|A.|1928|Muentzing A. 1928. Hereditas 11:267-283
Murty1959,"Murty|Y.|1959|Murty, Y.,1959,Proceedings of the Indian Academy of Sciences, 49: 52-65"
Naciri2010,"Naciri|Y.|2010|Naciri Y, Cavat F, Jeanmonod D. 2010 Molecular Phylogenetics and Evolution 54: 922-932"
Narbona2002,"Narbona|E|2002|Narbona, E.,2002,Annals of Botany 89:571-577"
Nathewetetal2009,"Nathanwet|P.|2009|Nathewet, P.,Yanagi, T.,Hummer, K., Iwatsubo, Y.,Kazuyosi, S.,2009,Cytologia, 74(3):355-364"
natureserve,http://www.natureserve.org/
Navajas-Perez2005,"Navajas-Perez|R.|2005|Navajas-Perez, R., R. de la Herran, G. Lopez Gonzalez, M. Jamilena, R. Lozano, C.R. Rejon, M. R. Rejon, and M.A. Garrido-Ramos,2005, Mol. Biol. Evol., 22:1929-1939"
nee1986,"Nee|M.|1986|Nee, M. 1986 Flora de Veracruz. Solanaceae 1. Instituto Nacional de Investigatciones sobre Recursos Bióticos. Fascículo 49."
Negrutiu2001,"Negrutiu|I.|2001|Negrutiu I, Vyskot B, Barbacar N, Georgiev S, Moneger F. 2001. Plant Physiology 127: 1418-1424"
Nixon 1985,"Nixon|K.C.|1985|Kevin C. Nixon and Carol A. Todzia. 1985. American Midland Naturalist,114(2):304-310"
Novak2000,"Novak|S.|2000|Novak SJ,Mack RN. 2000. Can. J. Bot. 78:1469-1481"
Novo2010,"Novo|R.R|2010|Reinaldo Rodrigo Novo, Jefferson Thiago Souza, Cibele Cardoso de Castro, 2010, Acta Bot. Bras. 24(2):592-594"
Nybom1988,"Nybom|H.|1988|Nybom, H. Plant Systematics and Evolution, 160: 207-212"
Nylehn2003,"Nylehn|J.|2003| Nylehn J, Hamre E, Nordal I. 2003. Botanical Journal of the Linnean Society 142: 373-381"
Ohashi1998,"Ohashi|K.|1998|KAZUHARU OHASHI, TETSUKAZU YAHARA. 1998. American Journal of Botany 85(2): 219-224"
Olson2001,Olson|M.|2001|Olson MS. 2001. Journal of Ecology 89: 600-607
Olvera2003,Olvera|H.F.|2003|Hilda Flores Olvera. 2003. Taxon 52: 247-260
Omura2000,"Omura|H.|2000|Omura, H., Honda, K., Hayashi, N.,2000,Journal of Chemical Ecology, 26: 655-666"
Opler1975,"Opler|P.|1975|P. Opler, H. Baker, G. Frankie,1975,Biotropica, 7: 243-247"
Oxelman1994,"Oxelman|B.|1994|Bengt Oxelman,1994,Willdenowia, Bd. 25, H. 1 pp. 143-169"
Oxelman2001,"Oxelman|B.|2001|Bengt Oxelman, Magnus Lidén and Nicholas J. Turland,2001,Novon, 11(3): 322-324"
Pangsuban2007,"Pangsuban|S.|2007|Sasithorn Pangsuban, Noparat Bamroongrugsa, Kamnoon Kanchanapoom, Charassri Nualsri. 2007. Songklanakarin J. Sci. Technol., 29(6): 1457-1468"
Pannell2002,"Pannell|J.|2002|Pannell, J.,2002, Annual Review of Ecology, Evolution, and Systematics, 33: 397-425"
Parfitt1985,"Parfitt|B.|1985| Parfitt, B. D. 1985, Dioecy in North American Cactaceae: a review. Sida 11:200-206"
Park1992,"Park|M.|1992|Park, M. M. 1992. A Biosystematic Study of Thalictrum Section Leucocoma (Ranunculaceae). Ph.D. dissertation. Pennsylvania State University"
Parrotta1993,"Parrotta|J. A.|1993|Parrotta, John A., and John K. Francis. Pouteria Multiflora (A. DC.) Eyma: Jácana, Bully-tree, Sapotaceae, Sapodilla Family. International Institute of Tropical Forestry, US Department of Agriculture, Forest Service, 1993"
Paule2011,"Paule|J.|2011|Paule, J., Sharbel, T. F., & Dobeš, C. 2011. Apomictic and sexual lineages of the Potentilla argentea L. group (Rosaceae): cytotype and molecular genetic differentiation. Taxon, 60(3), 721-732"
Paule2012,"Paule|J.|2012|Paule, J., Scherbantin, A., & Dobeš, C. 2012. Implications of hybridisation and cytotypic differentiation in speciation assessed by AFLP and plastid haplotypes-a case study of Potentilla alpicola La Soie. BMC Evolutionary Biology, 12(1), 132"
perscomm-Davies,pers. comm. Chris Davies (see Mammillaria correspondence)
perscomm-Drew,pers. comm. Bryan Drew (see Lepechinia correspondence)
perscomm-Gonzalez,pers. comm. Favio Gonzalez (see Gunera correspondence)
perscomm-Gustafsson,pers. comm. Claes Gustafsson (see Randia correspondence)
perscomm-Heenan,pers. comm. Peter Heenan (see Poa correspondence)
perscomm-Holstein,pers. comm. Norbert Holstein (see Coccinia correspondence)
perscomm-LeondelaLuz,pers. comm. José Luis León de la Luz (see Bursera correspondence)
perscomm-Motley,pers. comm. Timothy J. Motley (see Labordia correspondence)
perscomm-NavajasPerez,pers. comm. Rafael Navajas Pérez (see Rumex correspondence)
perscomm-Rzedowski,pers. comm. Jerzy Rzedowski (see Bursera correspondence)
perscomm-Smith,pers. comm. Stacey Smith (see Solanum correspondence)
perscomm-Soza,pers. comm. Valerie Soza (see Thalictrum correspondence)
perscomm-Soreng,pers. comm. Robert Soreng (see Poa correspondence)
perscomm-Thomas,pers. comm. Daniel Thomas (see Begonia correspondence)
perscomm-TorresColin,pers. comm. Torres-Colin (see Bauhinia correspondence)
perscomm-vanderWerff,pers. comm. Henk van der Werff (see Ocotea correspondence)
perscomm-Zhu,pers. comm. Zhu Hua (see Lesianthus correspondence)
Petry2012,"Petry|W.K.|2012|W.K. Petry. 2012. Ecological Entomology, 37:175-183"
pfaf.org,http://pfaf.org
Plana2003,"Plana|V.|2003|Vanessa Plana. 2003. Systematic Botany, 28(4):693-704"
plantnet,PlantNET|||The Plant Information Network System of The Royal Botanic Gardens (http://plantnet.rbgsyd.nsw.gov.au/)
plants.usda.gov,"USDA||2012|The PLANTS Database (http://plants.usda.gov, 23 November 2012). National Plant Data Team, Greensboro, NC 27401-4901 USA"
Poorter2009,"Poorter|L.|2009|Poorter L., Bongers F., Couame F.N., Hawthorne W.D., eds. 2009- Biodiversity of West African Forests: An Ecological Atlas of Woody Plant Species By By Lourens Poorter"
Prakash1994,"Prakash|N.|1994|Prakash, N., Brown, J., Yue-Hua, W.,1994,Australian Journal of Botany, 42: 231-237"
Prentice2003,"Prentice|H.|2003|Prentice HC, Malm JU, Mateu-Andrés I, Segarra-Moragues G. 2003. Conservation Genetics 4: 543-555"
Prota2004,"Grubben|G.|2004|Grubben G.J.H. and Denton O.A., 2004,Plant Resources of Tropical Africa 2. Vegetables: 201-206"
Radford2001,"Radford|E.|2001|Radford E, Watson M, Preston Jill. 2001. New Zealand Journal of Botany 39: 183-208"
Rahou2003,Rahou|A.|2003|Rahou A and Amssa M. 2003. Bulletin de l"Institut Scientifique 25: 43-51
Raman2012,"Raman|V.|2012|Raman, V., Galal, A., Khan, I.,2012,American Journal of Plant Sciences, 3: 1135-1144"
Ramirez1984,"Ramirez|N.|1984|Ramirez, N., Sobrevila, C., de Enrech, N. X., & Ruiz-Zapata, T. (1984). Floral biology and breeding system of Bauhinia benthamiana Taub.(Leguminosae), a bat-pollinated tree in Venezuelan Llanos. American journal of botany, 273-280."
Ramirez2005,"Ramirez|N.|2005|Ramirez, N.,2005, Flora, 200: 30-48"
Ramirez2005a,"Ramirez|N.|2005|Nelson ramirez,2005, Flora,200:30-48"
Ramirez2007,"Ramirez|M.|2007|Ramirez M., Torres, R., 2007,Brittonia 59(4):357-369"
RamosOrdonez2008,"Ramos-ordonez|M.F.|2008|MARIA F. RAMOS-ORDONEZ, JUDITH MARQUEZ-GUZMAN, MA. DEL CORO ARIZMENDI. 2008. Annals of Botany 102: 713-722"
Rana2010,"Rana|A.|2010|Rana, A., Choudhary N. 2010. 2:191-195"
Rautenberg2010,"Rautenberg|A.|2010|Rautenberg A, Hathaway L, Oxelman B, Prentice HC. 2010. Molecular Phylogenetics and Evolution 57: 978-991"
Rebman2001,"Rebman|J.|2001|Rebman, J. 2001. The succulents of Isolte Toro, Baha California, Mexico. Cactaceas y Suculentas Mexicanas 46: 52-55. As cited in Mandujano, M. C., I. Carrillo-Angeles,"
Rechinger1937,"Rechinger|K.|1937|Rechinger K H,Dahlgren B E. 1937 --The North American species of Rumex.Field Museum of Natural History,Chicago"
Remski1954,"Remski|M.|1954|Remski, M. F.,1954,Botanical Gazette 116: 163-171"
Renner1993,"Renner|S.S.|1993|Susanne S. Renner, Jan Peter Feil. 1993. American Journal of Botany,80(9):1100-1107"
Renner2001,"Renner|S.S.|2001|SUSANNE S. RENNER, HYOSIG WON. 2001. Syst. Biol. 50(5):700-712"
Renner2006,Renner|S.S.|2006|Plant-Pollinator Interactions: From Specialization to Generalization. By Nickolas Merritt Waser. Chapter 6: Rewardless flowers in the angiosperms and the role of insect cognition in their evolution
Renner2007,"Renner|S.S.|2007|S.S. Renner, L. Beenken, G.W. Grimm, A. Kocyan, R.E. Ricklefs,2007, Evolution 61-11: 2701-2719"
Reynolds2009,"Reynolds|R.|2009|Reynolds RJ, Westbrook MJ, Rohde AS, Cridland JM, Fenster CB, Dudash MR. 2009. Ecology: 2077-2087"
Riaz2007,"Riaz|S.|2007|Riaz S, Vezzulli S, Harbertson ES, Walker MA. American Journal of Enology and Viticulture 58: 494-499"
richman2000a,"Richman|A.|2000|Richman, A.,2000, Annals of Botany, 85-suppA:241-245"
riedemann2006,"Riedemann|P.|2006|Riedemann, P., Aldunate, G., Teillier, S.,2006,Chile, Zona Norte"
Robertson1981,"Robertson|K.|1981|Robertson,K.,1981, J. Arnold Arbor, 62:267-314"
Rohwer1986,"Rohwer|J.G.|1986|Rohwer JG. 1986. Prodromus einer Monographie der Gattung Ocotea Aubl. (Lauraceae), sensu lato. Mitteilungen aus dem Institut für Allgemeine Botanik Hamburg 20: 71–79"
Rohwer1986b,"Rohwer|J.G.|1986|Rohwer JG. 1986. Some aspects of dioecy in Ocotea (Lauraceae). Plant Syst. Evol. 1986. Vol. 152. N 1—2.
P. 47—48."
Roser1994,"Roser|M.|1994|Roser, M.,1994,Plant Systematics and Evolution, 189: 83-122"
Rottenberg2003,"Rottenberg|A.|2003|Rottenberg A,Parker J S.2003. Biological conservation 114:299-303"
Runyeon-Lager2000,Runyeon-Lager|H.|2000|Runyeon-Lager H and Prentice HC. 2000. Canadian Journal of Botany 78: 1384-1397
Rzedowsky2000,"Rzedowsky|J.|2000|Rzedowski, J., & de Rzedowski, G. C. 2000. TRES ESPECIES NUEVAS DE BURSERA (BURSERACEAE) DE LA REGIÓN. Acta Botánica Mexicana, 50, 47-59"
Rzedowsky2004,"Rzedowsky|J.|2004|Rzedowski, J., Lemos, R. M., & de Rzedowski, G. C. 2004. Las especies de Bursera (Burseraceae) en la cuenca superior del río Papaloapan (México). Acta Botanica Mexicana, (66), 23-151"
Rzedowsky2006,"Rzedowsky|J.|2006|Rzedowski, J., & de Rzedowski, G. C. 2006. Dos especies nuevas de bursera (burseraceae) de México. Acta Botánica Mexicana, (74), 169-178"
Rzedowsky2009,"Rzedowsky|J.|2009|Rzedowski, J., & de Rzedowski, G. C. 2009. Nota sobre Bursera heteresthes (Burseraceae). Acta botánica mexicana, (88), 81-93"
Saji2005,"Saji|K.|2005|Saji, K., Sasikumar, B., George, K., Parthasarathy, V.,2005,Journal of Spices and Aromatic Crops, 14: 39-41"
Sakai1978,"Sakai|A.K.|1978|Sakai A. K. 1978. Ph.D. dissertation, Univ. of Michigan, Ann Arbor, MI"
Sakai1983,Sakai|A.K.|1983|Sakai A. K. and N. L. Oden. 1983. Am. Nat. 122:489-508
Sakai1990,Sakai|A.K.|1990|Sakai A. K. 1990. Ecology 71:571-580
Sakai1995,"Sakai|A.K.|1995|Ann K. Sakai, Warren L. Wagner, Diane M. Ferguson, Derral R. Herbst,1995,Ecology,76(8):2517-2529"
Sands1990,"Sands|M.|1990|Sands, M. J. S. 1990 Six new Begonias from Sabah. Curtis's Botanical Magazine 7(2):57-85"
Saunders2000,"Saunders|R.|2000|Saunders, R. M. 2000. Monograph of Schisandra (Schisandraceae). Syst. Bot. Mon, 58, 1-146"
Savita2011,"Savita|R.|2011|Rani Savita, Kumar Sanjeev, Jeelani Syed Mudassir, Kumari Santosh and Gupta Raghbir Chand,Department of Botany, 2011,Punjabi University Patiala, Punjab, 147 002, India"
Schaefer2008,"Schaefer|H.|2008|Schaefer, H., Kocyan, A., & Renner, S. S. 2008. Linnaeosicyos (Cucurbitaceae): a new genus for Trichosanthes amara, the Caribbean sister species of all Sicyeae. Systematic Botany, 33(2), 349-355"
Schaefer2010,"Schaefer|H.|2010|Hanno Schaefer, Susanne S. Renner. 2010. Molecular Phylogenetics and Evolution 54:553-560"
Schlessman1990,"Schlessman|M.|1990|Schlessman, M. A., Lowry, P. P., & Lloyd, D. G. 1990. Functional dioecism in the New Caledonian endemic Polyscias pancheri (Araliaceae). Biotropica, 133-139"
Schurch2000,"Schürch|S.|2000|Schürch, S., Pfunder, M., & Roy, B. A. 2000. Effects of ants on the reproductive success of Euphorbia cyparissias and associated pathogenic rust fungi. Oikos, 88(1), 6-12"
Senters2003,"Senters|A.E.|2003|Anne E. Senters, Douglas E. Soltis. 2003. Taxon 52:51-66"
Shang2012,"Shang|H.|2012|Shang H, Luo Y-B, Bai W-N.,2012, Mol Ecol 21: 3869-3878"
Shaw1928,"Shaw|H.|1928|Shaw, H., Turrill W.,1928,Bulletin of Miscellaneous Information (Royal Gardens, Kew), 3: 81-105"
sheidai1999b,"Sheidai|Masoud|1999|Sheidai, Masoud; Narengi, Z. & Khatamsaz, MahboobehEdinburgh Journal of Botany56253-264"
Sherman-Broyles1992,"Sherman-Broyles|S.L.|1992|Sherman-Broyles S.L., Gibson J.P., Hamrick J.L., Bucher M.A., Gibson M.J. 1992. Systematic Botany 17(4):551-559"
Shimono2003,Shimono|Y.|2003|Shimono Y and Kudo G. 2003. Annals of Botany 91: 21-29
Shore2006,"Shore|J.|2006|Shore, J. 2006. New Phytologist, 171: 539-551"
Singh2004,"Singh|Y.|2004|Singh, Y.,2004,Kava: From Ethnology to Pharmacology"
Sloan2009,"Sloan|D.|2009|Sloan DB, Oxelman B, Rautenberg A, Taylor DR. 2009. BMC Evolutionary Biology 9"
Small1978,"Small|E.|1978|Small, E. 1978. Systematic Botany, 3:37-76"
Smith1947,"Smith|A.C.|1947|Smith, A.C. 1947. Sargentia, 7:135"
smith2002,"Smith|S.|2002|Stacey D. & Knapp S. 2002. The natural history of reproduction in Solanum and Lycianthes (Solanaceae) in a subtropical moist forest. Bulletin of the Natural History Museum (Botany Series) 32:125-136. 10.1017/S0968044602000051"
Smith2008,"Smith|S.|2008|Smith, S.,2008, Profits sprout like tropical plants: a fresh look at what went wrong with the Eurasian spice trade c. 1550-1800, Journal of Global History, 3: 389-418"
Smith2008b,"Smith|S.|2008|Smith, J. F., Stevens, A. C., Tepe, E. J., & Davidson, C. 2008. Placing the origin of two species-rich genera in the late cretaceous with later species divergence in the tertiary: a phylogenetic, biogeographic and molecular dating analysis of Piper and Peperomia (Piperaceae). Plant Systematics and Evolution, 275(1-2), 9-30"
Soejima1998,"Soejima|A.|1998|Soejima, A., Maki, M., Ueda, K., 1998,Genes Genet Sys, 73: 29-37"
solsource,"PBI Solanum Project. 2013. Solanaceae Source. Published on the Internet: http://www.nhm.ac.uk/solanaceaesource/"
Soreng1998,"Soreng|R.J.|1998|Robert J. Soreng. 1998. Novon,8(2): 187-202"
Soreng2007,"Soreng|R.J.|2007|Robert J. Soreng, Lynn J. Gillespie. 2007. Annals of the Missouri Botanical Garden 94(4):821-849. 2007"
Soza2010,"Soza|V.|2010|Soza, V., Olmstead, R.,2010,American Journal of Botany, 97: 1630-1646"
Soza2012,"Soza|V.|2012|Soza,V.,2012,Molecular Phylogenetics and Evolution,63:180-192"
Spigler2010,"Spigler|R.|2010|Spigler RB, Lewers KS, Johnson AL, Ashman T-L. 2010. Journal of Heredity 101: S107-S117"
Spooner1983,"Spooner|D.M.|1983|David M. Spooner. 1983. Bulletin of the Torrey Botanical Club,110(4): 489-493"
Stapf2010,"Stapf|M.|2010|Stapf, M, Ranga, N. T., Silva, T. R. dos S. 2010. A New Species of Cordia (Cordiaceae, Boraginales) from Brazil. Novon: A Journal for Botanical Nomenclature, 20(2): 212-214"
Staudt2009,Staudt|G.|2009|Staudt G. 2009. Proceeding of the 6th International Strawberry Symposium 842: 71-84
Steckel2007,Steckel|E.S.|2007|Steckel E.S. 2007. Weed Technology 21:567-570
Stehlik2005,"Stehlik|I.|2005|Stehlik I,Barrett S C H. 2005. Evolution 59:814-825"
Steven2004,"Steven|J.|2004|Steven, J.C., and Waller, D. M. 2004. Plant Species Biology 19:73-80"
stiefkens1996,"Stiefkens|L.|2002|Stiefkens, L., Bernardello, G. 1996. Cytologia 61:395-402"
stiefkens2000,"Stiefkens|L.|2002|Stiefkens, L., Bernardello, G. 2000. Boletin de la Sociedad Argentina de Botanica 35:237-244"
stiefkens2002,"Stiefkens|L.|2002|Stiefkens, L., Bernardello, G. 2002. Caryologia 55:199-206"
stiefkens2005,"Stiefkens|L.|2005|Stiefkens, L., Bernardello, G. 2005. Edinburgh Journal of Botany 62:53-67"
stiefkens2010,"Stiefkens|L.|2005|Stiefkens, L.,Las Penas, M. L.,Bernardello, G.,Levin, R.,Miller, Jill S. 2010. Caryologia 63:50-61"
Strid1997,"Strid|A.|1997|Strid, A., & Tan, K. (1997). Flora hellenica, vol. 1."
Su2012,"Su|HJ|2012|Su HJ, Murata J, Hu JM, 2012 J Plant Res., 125(3):317-26"
Sudmoon2011,"Sudmoon|R.|2011|Sudmoon, R., Tanee, T., Chaveerach A.,2011,Journal of Systematics and Evolution, 49: 468-475"
Suwanphakdee2006,"Suwanphakdee|C.|2006|Suwanphakdee, C., Chantaranothai, P.,2006,Thai Forest Bulletin, 34: 206-214"
Suwanphakdee2008,"Suwanphakdee|C.|2008|Suwanphakdee, C., Chantaranothai, P.,2008,The Natural History Journal of Chulal, 8: 205-209"
svalbardflora,http://svalbardflora.net/index.php?id=1
Swensen1998,"Swensen|S.M.|1998|Susan M. Swensen, Jennifer N. Luthi and Loren H. Rieseberg. 1995. Systematic Botany Vol. 23, No. 2 (Apr. - Jun., 1998), pp. 157-169"
Talamali2001,"Talamali|A.|2001|A. Talamali, R. Gorenflot, R. Haicour, Y. Henry, P. Dutuit. 2001. Acta Bot. Gall. 154:651"
Talamali2007,"Talamali|A.|2007|A. Talamali, P. Dutuit, R. Gorenflot. 2001. Polygamie chez Atriplex halimus L. C. R. Acad. Sci. Paris, Ser. III, 324, pp. 107-113"
Talavera1996,"Talavera|S.|1996|Talavera S, Arista M, Salgueiro FJ. 1996. Botanica Acta 109: 333-339"
Tebbitt2005,Tebbitt|M.C.|2005|Tebbitt M.C. 2005. EDINBURGH JOURNAL OF BOTANY 61 (2&3): 97-107
telabotanica,http://www.tela-botanica.org/site:accueil
theplantlistV1,http://www.theplantlist.org/ (Version 1.0)
theplantlistV1.1,http://www.theplantlist.org/ (Version 1.1)
Thomas1997,Thomas|S.C.|1997|SEAN C. THOMAS. 1997. American Journal of Botany 84(8): 1012-1015
Thulin2009,"Thulin|M.|2009|Thulin M, 2009, Kew Bulletin 64:485-489"
Torres-Colin2009,"Torres-Colin|R.|2009|Rafael Torres-Colin, Rodrigo Duno de Stefano, Lilia Lorena Can. 2009. Revista Mexicana de Biodiversidad 80:293-301"
Torres-Colin1999,"Torres-Colin|R.|1999|Rafael Torres-Colin. 1999. El Género Bauhinia (Leguminosae: Caesalpinioideae: Cercideae) en Mesoamérica. Tesis de maestria,. Facultad de Ciencias, Universidad Nacional Autónoma de México. México D.F."
Torres1993,"Torres|R.|1993|Torres, R. 1993, Anales Inst. Biol. Univ. Nac. Auton. Mexico. Ser. Bot. 64(2): 49-53"
Touzet2009,Touzet|P.|2009|Touzet P and Delph LF. 2009. Genetics 181: 631-644
Trondle2010,"Trondle|D.|2010|Trondle D, Schroder S, Kassemeyer HH, Kiefer C, Koch MA, Nick P. 2010. American Journal of Botany 97: 1168-1178"
Truyens2005,"Truyens|S.|2005|Truyens, S., Arbo, M., Shore, J.,2005,American Journal of Botany, 92: 1749-1758"
Tucker1988,"Tucker|S|1988|Tucker, S., American Journal of Botany, 75(10):1584-1597"
Tutin1968,"Tutin|T.G.|1968|T. G. Tutin, V. H. Heywood, N. A. Burges, D. M. Moore, D. H. Valentine, S. M. Walters, D. A. Webb  Flora Europaea; Volume 2, Rosaceae to Umbelliferae, Cambridge University Press, pp.7-24"
Tutin1976,"Tutin|T.G.|1976|T. G. Tutin, V. H. Heywood, N. A. Burges, D. H. Valentine (Ed.). 1976. Flora Europaea; Volume 4, Plantaginaceae to Composite (and Rubiaceae). Cambridge University Press"
Ule1906,"Ule|E.|1906|Ule E. 1906 Ameisenpflanzen. Bot. Jahrb. Syst. 37:335-352"
USDA2012,"USDA||2012|The PLANTS Database (http://plants.usda.gov, 23 November 2012). National Plant Data Team, Greensboro, NC 27401-4901 USA"
Valiente-Banuet1997,"Valiente-Banuet|A.|1997|Valiente-Banuet A, Rojas-Martinez A, Casas A, del Coro Arizmendi M, Davila P. 1997. Journal of Arid Environments 37: 331-341"
Valiente-Banuet2004,"Valiente-Banuet|A.|2004|Valiente-Banuet A, Molina-Freaner F, Torres A, Del Coro Arizmendi M, Casas A. 2004. American Journal of Botany 91:850-855"
Vamosi2006,"Vamosi|S.|2006|Vamosi, S.,Biodiversity and Conservation 15: 1417-1424"
Vamosi2008,"Vamosi|S.M.|2008|STEVEN M. VAMOSI, SUSAN J. MAZER, FERNANDO CORNEJO. 2008. Ecology, 89(9):2461-2472"
vanBreugel2013,"van Breugel|M.|2013|van Breugel, M., Hall, J. S., Craven, D., Bailon, M., Hernandez, A., Abbene, M., & van Breugel, P. 2013. Succession of Ephemeral Secondary Forests and Their Limited Role for the Conservation of Floristic Diversity in a Human-Modified Tropical Landscape. PloS one, 8(12), e82433"
vanderWerff1996,"van der Werff|H.|1996|Henk van der Werff, H. G. Richter. 1996. Annals of the Missouri Botanical Garden Vol. 83, No. 3, pp. 409-418"
vanderWerff2003,"van der Werff|H.|2003|Henk van der Werff. 2003. Novon Vol. 13, No. 3, pp. 337-357"
vanEe2009,"van Ee|B.W.|2009|Benjamin W. van Ee, Berry, Paul E.,2009, Systematic Botany, 34(1):129-140"
vanEe2011,"van Ee|B.W.|2011|Benjamin W. van Ee, Ricarda Riina, Paul E. Berry. 2011. TAXON 60 (3): 791-823"
vanEeBerry2009,"vanEe|B.|2010|Van Ee, B. W. and Berry, P. E. Croton, 2012,Flora of North America Oxford University Press. (Submitted 2009)"
vanEeBerry2011,"vanEe|B.|2011|Benjamin W. van Ee and Paul E. Berry,2011,Systematic Botany, 36(1):88-98"
vanGelderen1994,"vanGelderen|D.M.|1994|van Gelderen, D. M., P. C. de Jong, and H. J. Oterdoom (eds.). 1994. Maples of the world. Timber Press, Portland, OR"
Vaughton2012,"Vaughton|G.|2012|Vaughton, G., & Ramsey, M. (2012). Gender plasticity and sexual system stability in Wurmbea. Annals of botany, 109(3), 521-530."
Vaz1979,"Vaz|A.|1979|Vaz, A.M.S.F. 1979. Considerações sobre a taxonomia do gênero Bauhinia L. Sect. Tylotaea Vogel (Leguminosae-Caesalpinioideae) do Brasil. Rodriguesia vol. 31(51):127-234"
Vaz2003,"Vaz|A.|2003|Vaz, A.M.S.F., Tozzi, A.M.G.A., 2003. Bauhinia ser. Cansenia (Leguminosae-Caesalpinioideae) no Brasil. Rodriguesia 54:55–143."
venter2000,"Venter|A.M.|2000|Vendor,A.M,2000,thesis"
venter2007,"Venter|A.M.|2007|Vendor,A.M,2007,South African Journal of Botany, 73:214 - 217"
Vieira2010,"Vieira|F.|2010|Vieira, F., Fajardo, C., Souza, A., Carvalho, D.,2010,International Journal of Forestry Research, 1-8"
Volz2008,"Volz|S.|2008|Volz SM,Renner SS., 2008, American Journal of Botany 95:1297-1306"
Volz2009,"Volz|S.|2009|Volz S.M., Renner SS, 2009. Taxon 58:550-560"
Wagner1990,"Wagner|W.|1990|Wagner, W., Herbst, D., Sohmer, S.,1990, Manual of the Flowering Plants of Hawai'i pp. 852-864"
Wallander2008,"Wallander|E.|2008|Wallander, E. 2008. Plant Syst Evol, 273:25-49"
Walters1989,"Walters|S.M|1989|Walters,S.M.,1989,The European Garden Flora, 3(1).  Cambridge University Press"
Wanntorp2001,"Wanntorp|L.|2001|Wanntorp L, Wanntorp H-E., Oxelman B., Kallersjo M. 2001. Plant Sys. Evol. 226: 85-107"
Wanntorp2003,"Wanntorp|L.|2003|Livia Wanntorp, Hans-Erik Wanntorp. 2003. Journal of Biogeography, 30, 979-987"
Webster1993,"Webster|G.L.|1993|Grady L. Webster,1993,Taxon,42(4):793-823"
Weeks2009,"Weeks|A.|2009|ANDREA WEEKS, ALAN TYE. 2009. Botanical Journal of the Linnean Society 161, 396-410"
Weiblen2000,weiblen|G.D.|2000|GEORGE D. WEIBLEN. 2000. American Journal of Botany 87(9): 1342-1357
Weiblen2001,weiblen|G.D.|2001|GEORGE D. WEIBLEN. 2001. Syst. Biol. 50(2):243-267
Wen2011,"Wen|J.|2011|Wen, J.,2011,Contributions from the United States National Herbarium, 57:1- 172"
Werner1976,"Werner|P.|1976|Werner PA, Soule JD. 1976. Canadian Journal of Plant Science 56: 591-603"
Wiggins1980,"Wiggins|I.L.|1980|Wiggins, I.L.,1980,Flora of Baja California. Stanford University Press, Stanford, Calif., U.S.A. pp. 1025"
Wilkes1828,"Wilkes|J.|1828|Wilkes, John,. Encyclopaedia Londinensis, or, Universal dictionary of arts, sciences, and literature, Volume 23 1828"
Wood1988,"Wood|J.|1988|Wood,J.R.I,Kew Bulletin, 43(2):291-301"
Wunderlin1983,"Wunderlin|R.P.|1983|Wunderlin, 1983, Brittonia 35(4), 335-340"
Wunderlin2009,"Wunderlin|R.P.|2009|Wunderlin, 2009, J. Bot. Res. Inst. Texas 3(2), 629-637"
Yao2011,Yao|H.|2011|Yao H and Luo YB. 2011. Journal of Systematics and Evolution 49: 539-545
Yatskievych2000,"Yatskievych|K|2000|Yatskievych, K.,2000, Field Guide to Indiana Wildflowers"
Yeung2005,"Yeung|K.|2005|Yeung, K., Miller, J., Savage A.,Husband B.,Igic B., Kohn, J.,2005,Evolution, 59(9):2048-2055"
yeung2005,"Yeung|K.|2005|Yeung, K., Miller, J., Savage A.,Husband B.,Igic B., Kohn, J.,2005,Evolution, 59:2048-2055"
Yin2008,"Yin|T.|2008|Yin, T. et al.,2008,Genome Research,18:422-430"
Young1972,"Young|D.A.|1972|Young, D. A. 1972. The reproductive biology of Rhus integrifolia and Rhus ovata (Anacardiaceae). Evolution 26: 406-414"
Yuan2010,"Yuan|W.|2010|Yuan, W., Zhang, W., Han, Y., Dong, M., Shang, F.,2010,Journal of Systematics and Evolution, 48: 482-489"
Yuncker1950,"Yuncker|T.|1950|Yuncker, T.,1950,Annals of the Missouri Botanical Garden, 37: 1-120"
Zanne2013,"Zanne|A.|2014|Zanne AE, Tank DC, Cornwell WK, Eastman JM, Smith SA, FitzJohn RG, McGlinn DJ, O'Meara BC, Moles AT, Reich PB, Royer DL, Soltis DE, Stevens PF, Westoby M, Wright IJ, Aarssen L, Bertin RI, Calaminus A, Govaerts R, Hemmings F, Leishman MR, Oleksyn J, Soltis PS, Swenson NG, Warman L, Beaulieu JM, Ordonez A (2014) Three keys to the radiation of angiosperms into freezing environments. Nature 506(7486): 89–92. doi:10.1038/nature12872; Zanne AE, Tank DC, Cornwell WK, Eastman JM, Smith SA, FitzJohn RG, McGlinn DJ, O'Meara BC, Moles AT, Reich PB, Royer DL, Soltis DE, Stevens PF, Westoby M, Wright IJ, Aarssen L, Bertin RI, Calaminus A, Govaerts R, Hemmings F, Leishman MR, Oleksyn J, Soltis PS, Swenson NG, Warman L, Beaulieu JM, Ordonez A (2013) Data from: Three keys to the radiation of angiosperms into freezing environments. Dryad Digital Repository. doi:10.5061/dryad.63q27.2"
Zhu2012,"Zhu|H.|2012|Zhu, H., Roos, M.C., Ridsdale, C.E. A taxonomic revision of the Malesian species of Lasianthus(Rubiaceae) 2012 Blumea - Biodiversity, Evolution, and Biogeography of Plants 57 1-95"
zipcodezoo,http://zipcodezoo.com/
